Title,Description,Type,Link
"What is Decision Intelligence?","Decision intelligence is the new discipline of data science that combines data science, social science, and managerial science into a unified field. This article acts as a beginner’s guide to this new trend in data science, making it one of the latest data science articles you must read.","Article","https://towardsdatascience.com/introduction-to-decision-intelligence-5d147ddab767"
"Data Science’s Most Misunderstood Hero","This article speaks about the importance of data skills, paired with a new perspective, making it number 2 in our best data science articles list.","Article","https://towardsdatascience.com/data-sciences-most-misunderstood-hero-2705da366f40"
"Statistics for people in a hurry","This is one of such data science news article that explains all the biggest ideas in statistics in a much simpler way.","Article","https://towardsdatascience.com/statistics-for-people-in-a-hurry-a9613c0ed0b"
"What on Earth is Data Science?","If you are a novice in the field, who is interested in diving into the world of data science, here is another must-read. This is one of those articles about data science that’ll break down the data science complexities like a piece of cake.","Article","https://hackernoon.com/what-on-earth-is-data-science-eb1237d8cb37"
"What’s the difference between analytics and statistics?","This article beautifully explains the difference between the two most important branches of data science – analytics and statistics. It will help you in understanding the core concepts as well as the implementation of these two different branches.","Article","https://towardsdatascience.com/whats-the-difference-between-analytics-and-statistics-cd35d457e17"
"The simplest explanation of machine learning you’ll ever read","If you are a beginner who has heard about Machine Learning (ML), but doesn’t have a complete understanding of it, you will love this piece of work. This article has all that you need to know about ML as a beginner, which makes it number 6 in our list of data science articles.","Article","https://hackernoon.com/the-simplest-explanation-of-machine-learning-you’ll-ever-read-bebc0700047c"
"Why businesses fail at machine learning","This article explains the reasons why businesses fail to implement Machine Learning successfully in their operations. Must read if you’re super into Machine Learning implementation and want to understand the business aspect of it.","Article","https://hackernoon.com/why-businesses-fail-at-machine-learning-fbff41c4d5db"
"Data-Driven? Think again","People often get confused between data-driven and data-inspired. This data science review article will clear this confusion for you.","Article","https://hackernoon.com/data-inspired-5c78db3999b2"
"IIM SKILLS Data Science Course","This intensive program with multiple projects and industry sessions assists in obtaining strong knowledge of numerous tools and languages like Tableau, Python, and a variety of machine learning techniques.","Course","https://iimskills.com/data-science-course/"
"Great Learning PG Program in Data Science & Business Analytics","This program provides skilled education in data science and business analytics with online classes and project support from experienced faculty.","Course","https://www.greatlearning.in/"
"Jeetech Academy Certification in Data Science","Jeetech Academy provides top data science courses in India which includes live projects in the syllabus as a part of the advanced data science course in Delhi. The institute’s job-oriented training assists students in cracking a large number of interviews and obtaining the greatest employment role in the organization.","Course","https://jeetechacademy.com/"
"Analytix Labs Certification Course in Data Science","AnalytixLabs offers high-quality training programs designed by industry specialists, focusing on fundamental and advanced analytics abilities with hands-on workshops and real-world case studies.","Course","https://www.analytixlabs.co.in/"
"ISB Institute of Data Science Advanced Management Program","This program provides vast knowledge in data science, allowing students to acquire global leadership skills and develop competitive advantage using modern data-driven methods.","Course","https://www.isb.edu/"
"DataTrained PG Program In Data Science And ML","This program includes Excel foundations, statistical concepts, and develops programming abilities for data science, focusing on skills for machine learning engineer, data analyst, and beginner data engineer profiles.","Course","https://datatrained.com/"
"Techstack Academy Data Science Certification","This course includes 55 modules covering fundamentals of data science through simulation and real-time projects, providing in-depth knowledge of subjects like data and analytics, statistics basics, and python fundamentals.","Course","https://www.techstack.in/"
"Udemy Data Science A-Z","This course provides a well-rounded introduction to key data science concepts, covering introductory to advanced topics like Python, machine learning, statistics, and data visualization.","Course","https://www.udemy.com/course/data-science-a-z/"
"Coursera IBM Data Science Professional Certificate","This specialization offers in-depth knowledge and industry-relevant skills in data science, machine learning, AI, and data analytics through structured learning and practical projects.","Course","https://www.coursera.org/professional-certificates/ibm-data-science"
"Simplilearn Applied Data Science With Python","This program assists students in developing a holistic understanding of Data Science and its functions in the real world, including live instructor-led training, workshops, and project work.","Course","https://www.articlesbase.com/education-articles/simplilearn-applied-data-science-with-python-7530939.html"
"Physics Wallah Full Stack Data Science Pro Course","This course equips learners with end-to-end expertise across the data science lifecycle, covering data exploration, engineering, machine learning, deep learning, computer vision, and natural language processing.","Course","https://www.pw.live/"
"Future Learn Applied Data Science","This free online course delves into essential aspects of applied data science, covering terminology, visualization techniques, geolocation data utilization, feature extraction, clustering text, and machine learning application to text and images.","Course","https://www.futurelearn.com/courses/applied-data-science"
"IBM Data Science Professional Certificate (Free)","This comprehensive specialization consists of 9 courses covering data science fundamentals, tools, methodology, Python, databases, SQL, and data visualization, concluding with a capstone project.","Course","https://www.coursera.org/professional-certificates/ibm-data-science-ai-python"
"Alison Introduction to Data Science","This course provides a fundamental understanding of data science processes, machine learning, data models, and knowledge extraction from unstructured and structured data.","Course","https://alison.com/course/introduction-to-data-science"
"Skillshare Data Science and Machine Learning with Python","This course covers essential data science topics including multivariate regression, ensemble learning, and Python fundamentals.","Course","https://www.skillshare.com/classes/Data-Science-and-Machine-Learning-with-Python/1301777274"
"SAS","One of the oldest data science tools, specifically designed for statistical operations, advanced analytics, business intelligence (BI), and data management. It enables users to integrate, cleanse, prepare, and manipulate data.","Tool","https://www.sas.com/"
"Tableau","A data visualization software that assists in data analysis and creating engaging presentations. It helps present analyzed data in an interesting and understandable way and can visualize geographical data.","Tool","https://www.tableau.com/"
"TensorFlow","Developed by Google, TensorFlow is an open-source Python library used for establishing and training data science models, with applications in speech recognition, image classification, and drug discovery.","Tool","https://www.tensorflow.org/"
"BigML","A fully interactable, cloud-based GUI environment that reduces platform dependencies for processing machine learning algorithms, specializing in predictive modeling.","Tool","https://bigml.com/"
"Knime","An open-source platform with an easy-to-use Graphical User Interface (GUI) that assists in data extraction, transformation, and analysis, usable with minimum programming expertise.","Tool","https://www.knime.com/"
"RapidMiner","A popular data science tool known for providing a secure and scalable environment for data preparation and performing various data science tasks like text mining, predictive analysis, and real-time tracking.","Tool","https://rapidminer.com/"
"Excel","A part of Microsoft Office, used by beginners for data representation and analysis, allowing formulas, functions, and powerful data visuals and spreadsheets.","Tool","https://www.microsoft.com/en-us/microsoft-365/excel"
"Apache Hadoop","A data science tool integrated with business intelligence that allows connecting to different data sources, visualizing data in dashboards and reports, and sharing them.","Tool","https://hadoop.apache.org/"
"PowerBI","A data science tool integrated with business intelligence, which can be combined with other Microsoft data science tools for data visualization and generating insightful reports and dashboards.","Tool","https://powerbi.microsoft.com/"
"DataRobot","An AI-driven, ML-integrated automation platform that aids in developing accurate predictive models, capable of carrying out a wide range of machine learning algorithms.","Tool","https://www.datarobot.com/"
"MongoDB","A relational database management system that makes data storage and retrieval easy, storing data in JSON-like format as documents and enabling increased data availability for big data.","Tool","https://www.mongodb.com/"
"Python","One of the most popular languages for machine learning, known for its simple syntax, versatility, and ability to perform mathematical, statistical, and scientific calculations.","Tool","https://www.python.org/"
"Minitab","A one-stop solution for data manipulation and analysis, allowing identification of trends and patterns in unstructured datasets, and automation of data science calculations and graph generation.","Tool","https://www.minitab.com/"
"R","A highly scalable software specifically for statistical analysis and programming, capable of data clustering, statistical modeling, data cleaning, and visualization effectively.","Tool","https://www.r-project.org/"
"QlikView","Known for its business intelligence capabilities, it analyzes multiple things at once by deriving relationships from unstructured data and visually representing analyzed data with fast in-memory processing.","Tool","https://www.qlik.com/us/products/qlikview"
"Google Analytics","One of the most popular data science tools in digital marketing, used by marketers to understand customer behavior and Browse patterns for strategic marketing decisions.","Tool","https://analytics.google.com/"
"MATLAB","An enterprise-focused data science tool and a multi-paradigm numerical computing environment for processing mathematical information, facilitating matrix functions, algorithmic implementation, and statistical modelling.","Tool","https://www.mathworks.com/products/matlab.html"
"Julia","A programming language designed specifically for data science, known for its math-friendly syntax, automatic memory management, and ability to perform complex statistical calculations quickly.","Tool","https://julialang.org/"
"D3.js","Enables users to generate dynamic and interactive expressions from raw datasets directly within web browsers, with features for manipulating and linking data with HTML/SVG/CSS elements.","Tool","https://d3js.org/"
"Matplotlib","A powerful software with tools for generating everything from stationary graphs to interactive displays, well-suited for line and scatter plots, and offering various export options.","Tool","https://matplotlib.org/"
"Jupyter","An open-source web-based application supporting numerous programming languages, ideal for researchers engaged in extensive work including data analysis and machine learning.","Tool","https://jupyter.org/"
"NLTK","Empowers data science experts by providing powerful features for language modeling, sentiment analysis, and named entity recognition, converting data into meaningful pieces for easier reading comprehension.","Tool","https://www.nltk.org/"
"Scikit-learn","One of the most capable machine-learning libraries for Python, with powerful tool sets focusing on classifications, regressions, and other areas, allowing implementation of various ML models.","Tool","https://scikit-learn.org/"
"Weka","Focuses on important areas of data interpretation, such as preprocessing techniques and classification options, with a clear GUI ideal for simultaneous use by teams.","Tool","https://www.cs.waikato.ac.nz/ml/weka/"
"Microsoft HD Insights","Excels at delivering managed data for efficient processing and analysis of massive datasets in various programming languages, using different tools in an organized environment.","Tool","https://azure.microsoft.com/en-us/products/hdinsight"
"IBM SPSS","A powerful software suite employed in performing different statistical analyses, like predictive modeling and data management, with extensive features for hypothesizing-testing or advanced analytics functions.","Tool","https://www.ibm.com/analytics/spss-statistics-software"
"Keras","An outstanding tool that helps create and train neural networks with ease through its user-friendly interface, offering simplified processes to build intricate deep-learning models.","Tool","https://keras.io/"
"NumPy","Provides support for large, multi-dimensional arrays and matrices, along with mathematical functions for efficient operations, widely used in data analysis, numerical computing, and machine learning.","Tool","https://numpy.org/"
"Pandas","A powerful data manipulation and analysis library for Python, providing DataFrames for efficient handling and analysis of structured data.","Tool","https://pandas.pydata.org/"
"PyTorch","A deep learning framework widely used for building and training neural networks, offering dynamic computational graphs for flexible model development and experimentation.","Tool","https://pytorch.org/"
"SciPy","A library for scientific computing in Python that offers a collection of algorithms and functions for numerical optimization, integration, interpolation, signal processing, and linear algebra.","Tool","https://scipy.org/"
"GPT-3","A software language model developed by OpenAI, built as a testament to AI’s natural language processing capabilities, capable of generating human-like content.","Tool","https://openai.com/gpt-3/"
"Amazon SageMaker","A cloud-based machine learning platform by AWS, simplifying the end-to-end process of building, training, and deploying machine learning models at scale, with a user-friendly interface and AutoML capabilities.","Tool","https://aws.amazon.com/sagemaker/"
"AlphaCode","A free transformer-based language model that can help users learn different programming languages and generate large-scale code.","Tool","https://deepmind.google/technologies/alphacode/"
"Azure Cognitive Services","A suite of AI tools from Microsoft designed to incorporate powerful AI capabilities into applications, offering APIs for computer vision, speech recognition, and language understanding.","Tool","https://azure.microsoft.com/en-us/products/cognitive-services"
"H2O.ai","An open-source AI platform that uses AutoML to automate the machine learning process, simplifying model creation from data preprocessing to deployment.","Tool","https://h2o.ai/"
"Bardeen","An AI automation platform that saves time through rapid and efficient task completion, using OpenAI technologies to generate emails, social media posts, or other creative content.","Tool","https://www.bardeen.ai/"
"Descript","A cloud-supported audio and video editing software that includes AI technology for multi-track editing and transcription capabilities.","Tool","https://www.descript.com/"
"Designs.ai","An AI design tool that enhances creativity with the help of artificial intelligence, featuring a logo maker, video maker, AI writer, and more.","Tool","https://designs.ai/"
"ChatSonic","Offers extensive features for AI article/blog composing, text expansion, interpretation, and product description creation, pushing past ChatGPT restrictions.","Tool","https://writesonic.com/chatsonic"
"GitHub","An open-source and cloud-based Git repository hosting service with a web-based graphical interface, used for collaboration on projects and managing revisions.","Tool","https://github.com/"
"Sublime Text","A text editor for prose, code, and markup, offering advanced features like simultaneous editing for developers to control multiple cursors.","Tool","https://www.sublimetext.com/"
"HackerRank","A website that offers coding challenges and competitions in various programming languages, including Python, for practicing data science and machine learning skills.","Exercise","https://www.hackerrank.com/"
"Project Euler","A website that offers a collection of challenging mathematical and computational problems for practicing Python skills in data structures, algorithms, and mathematical computations.","Exercise","https://projecteuler.net/"
"GitHub (Exercises)","GitHub is a repository of open-source projects and scripts that can be used for data science. You can find many data science projects and tutorials written in Python.","Exercise","https://github.com/"
"LeetCode","A website that offers coding challenges and competitions in various programming languages, including Python, for practicing data structures, algorithms, and mathematical computations.","Exercise","https://leetcode.com/"
"Google Code-in","A competition for pre-university students to contribute to open-source projects, allowing practice of Python skills by contributing to data science projects.","Exercise","https://codein.withgoogle.com/"
"365 Data Science Practice Exams","Provides practice exams to help you prepare for data science certifications and assess your knowledge.","Exercise","https://365datascience.com/resources-center/practice-exams/"
"101 Pandas Exercises Python","Offers a collection of 101 exercises to practice and improve your Pandas skills in Python.","Exercise","https://www.machinelearningplus.com/python/101-pandas-exercises-python/"
"Kaggle","A website that hosts data science and machine learning competitions, along with tutorials and courses focused on data science and machine learning.","Exercise","https://www.kaggle.com/"